period,total_pnl,total_trades,win_rate
train,2529.978944937785,20,0.9
validation,1488.1534843369009,11,0.7272727272727273
test,-3.4643557367805045,11,0.36363636363636365
